{"nKTxE1WAqymt+lB7Zph94Q==":"delivery-man-96x96.png","JGyfflSRwWawLLW0yPePgA==":"%D8%AA%D9%86%D8%B2%D9%8A%D9%84-268x188.jpg","gMREgEH9ePquOXOSSEP0RQ==":"%D8%AA%D9%86%D8%B2%D9%8A%D9%84-216x233.png","0ZKyPexSWjosr/qPZ0OJOw==":"%D8%AA%D9%86%D8%B2%D9%8A%D9%84%20(1)-225x225.jpg","aMbu/kgtGJkbnYqbc6HMIg==":"car-delivery-logo-vector-20897923-1000x1080.jpg","3FnPvVQkuwJDkmEgOPueYA==":"delivery-service-car-icon-delivery-sign-vector-eps-delivery-truck-delivery-service-car-icon-delivery-sign-vector-eps-delivery-145974564-800x800.jpg","GEceWnlw03fzJXgZLmGe3Q==":"delivery-logo-illustration-of-a-scooter-graphics-13680107-1-1208x804.jpg"}